{"cameraMode":{"drawMode":0,"name":"Shaded","section":"Shading Mode"},"sceneLighting":true,"audioPlay":false,"sceneViewState":{"m_AlwaysRefresh":false,"showFog":true,"showSkybox":true,"showFlares":true,"showImageEffects":true,"showParticleSystems":true,"showVisualEffectGraphs":true,"m_FxEnabled":true},"in2DMode":false,"pivot":{"x":-3.7670161724090578,"y":4.233942985534668,"z":24.932846069335939},"rotation":{"x":-0.05515014007687569,"y":-0.7070572972297669,"z":0.055483248084783557,"w":-0.7028205990791321},"size":15.377779960632325,"orthographic":true}