{"cameraMode":{"drawMode":0,"name":"Shaded","section":"Shading Mode"},"sceneLighting":false,"audioPlay":false,"sceneViewState":{"m_AlwaysRefresh":false,"showFog":true,"showSkybox":true,"showFlares":true,"showImageEffects":true,"showParticleSystems":true,"showVisualEffectGraphs":true,"m_FxEnabled":true},"in2DMode":false,"pivot":{"x":477.98468017578127,"y":315.7245788574219,"z":-249.04946899414063},"rotation":{"x":0.17048032581806184,"y":0.018783997744321824,"z":-0.0027294957544654609,"w":0.9853414297103882},"size":47.45299530029297,"orthographic":false}