{"cameraMode":{"drawMode":0,"name":"Shaded","section":"Shading Mode"},"sceneLighting":true,"audioPlay":false,"sceneViewState":{"m_AlwaysRefresh":false,"showFog":true,"showSkybox":true,"showFlares":true,"showImageEffects":true,"showParticleSystems":true,"showVisualEffectGraphs":true,"m_FxEnabled":true},"in2DMode":false,"pivot":{"x":-3.1499998569488527,"y":2.0699996948242189,"z":36.09000015258789},"rotation":{"x":0.10790760070085526,"y":0.3219253420829773,"z":-0.03695918247103691,"w":0.9398719072341919},"size":4.559218406677246,"orthographic":false}