{"cameraMode":{"drawMode":0,"name":"Shaded","section":"Shading Mode"},"sceneLighting":false,"audioPlay":false,"sceneViewState":{"m_AlwaysRefresh":false,"showFog":true,"showSkybox":true,"showFlares":true,"showImageEffects":true,"showParticleSystems":true,"showVisualEffectGraphs":true,"m_FxEnabled":true},"in2DMode":false,"pivot":{"x":-244.9595947265625,"y":-748.1620483398438,"z":1999.8448486328125},"rotation":{"x":-0.17603233456611634,"y":0.061518292874097827,"z":-0.01183546893298626,"w":-0.9826409816741943},"size":1096.7442626953125,"orthographic":false}