{"cameraMode":{"drawMode":0,"name":"Shaded","section":"Shading Mode"},"sceneLighting":true,"audioPlay":false,"sceneViewState":{"m_AlwaysRefresh":false,"showFog":true,"showSkybox":true,"showFlares":true,"showImageEffects":true,"showParticleSystems":true,"showVisualEffectGraphs":true,"m_FxEnabled":true},"in2DMode":false,"pivot":{"x":439.8955383300781,"y":157.8800811767578,"z":-6.642547607421875},"rotation":{"x":-0.03929447755217552,"y":0.018581461161375047,"z":-0.0007126606651581824,"w":-0.9990656971931458},"size":166.86483764648438,"orthographic":false}