{"cameraMode":{"drawMode":0,"name":"Shaded","section":"Shading Mode"},"sceneLighting":true,"audioPlay":false,"sceneViewState":{"m_AlwaysRefresh":false,"showFog":true,"showSkybox":true,"showFlares":true,"showImageEffects":true,"showParticleSystems":true,"showVisualEffectGraphs":true,"m_FxEnabled":true},"in2DMode":false,"pivot":{"x":465.046630859375,"y":144.53663635253907,"z":-306.6731872558594},"rotation":{"x":-0.015311230905354023,"y":-0.005806508474051952,"z":-0.000024332226530532353,"w":-0.9999672770500183},"size":12.12435531616211,"orthographic":false}