{"cameraMode":{"drawMode":0,"name":"Shaded","section":"Shading Mode"},"sceneLighting":false,"audioPlay":false,"sceneViewState":{"m_AlwaysRefresh":false,"showFog":true,"showSkybox":true,"showFlares":true,"showImageEffects":true,"showParticleSystems":true,"showVisualEffectGraphs":true,"m_FxEnabled":true},"in2DMode":false,"pivot":{"x":17.021398544311525,"y":9.754363059997559,"z":10.200953483581543},"rotation":{"x":-0.0017808160046115518,"y":-0.15834268927574159,"z":0.0002690422988962382,"w":-0.9874292016029358},"size":13.779924392700196,"orthographic":false}