{"cameraMode":{"drawMode":0,"name":"Shaded","section":"Shading Mode"},"sceneLighting":false,"audioPlay":false,"sceneViewState":{"m_AlwaysRefresh":false,"showFog":true,"showSkybox":true,"showFlares":true,"showImageEffects":true,"showParticleSystems":true,"showVisualEffectGraphs":true,"m_FxEnabled":true},"in2DMode":false,"pivot":{"x":28.77680778503418,"y":21.482257843017579,"z":-21.147584915161134},"rotation":{"x":-0.14293153584003449,"y":0.6921414732933044,"z":-0.14275279641151429,"w":-0.6929740905761719},"size":0.1986614614725113,"orthographic":false}