{"cameraMode":{"drawMode":0,"name":"Shaded","section":"Shading Mode"},"sceneLighting":false,"audioPlay":false,"sceneViewState":{"m_AlwaysRefresh":false,"showFog":true,"showSkybox":false,"showFlares":true,"showImageEffects":true,"showParticleSystems":true,"showVisualEffectGraphs":true,"m_FxEnabled":true},"in2DMode":false,"pivot":{"x":2.021693706512451,"y":2.383481025695801,"z":-1.7045555114746094},"rotation":{"x":0.0011673016706481577,"y":0.9988084435462952,"z":0.02816401608288288,"w":-0.04208677262067795},"size":3.472787618637085,"orthographic":false}